Workbook
Name Slicer_Department: #N/A
Name Slicer_Status: #N/A

Sheet Cleaned Data
A1: CLEANED ATTENDANCE DATA
A2: Emp ID | B2: Employee Name | C2: Department | D2: Date | E2: Status | F2: Login Time | G2: Logout Time | H2: Calc. Hours | I2: Login Status | J2: Attendance Category | K2: Hours Check | L2: Category Match | M2: Data Quality
A3: EMP004 | B3: Sneha Reddy | C3: Sales | D3: 2026-01-01 | E3: Present | F3: 08:05 | G3: 20:45 | H3: =IFERROR(MOD(TIMEVALUE(G3)-TIMEVALUE(F3),1)*24,0) -> 12.666667 | I3: =IF(F3="No Login","",IF(TIMEVALUE(F3)>TIMEVALUE("09:00"),"Late","On Time")) -> On Time | J3: =IF(E3="Absent","Absent",IF(H3>=8,"Full Day",IF(H3>=4,"Half Day","Short"))) -> Full Day | K3: =IF(E3="Absent","N/A",IF(H3>=8,"Full Day",IF(H3>=4,"Half Day","Short"))) -> Full Day | L3: =IF(J3=K3,"✓ Match","⚠ Mismatch") -> ✓ Match | M3: =IF(AND(J3=K3,OR(E3="Present",E3="Work From Home",E3="Absent")),"CLEAN","REVIEW") -> CLEAN
A4: EMP005 | B4: Vijay | C4: IT | D4: 2026-01-01 | E4: Absent | F4: No Login | G4: No Logout | H4: 0 | I4: =IF(F4="No Login","",IF(TIMEVALUE(F4)>TIMEVALUE("09:00"),"Late","On Time")) | J4: =IF(E4="Absent","Absent",IF(H4>=8,"Full Day",IF(H4>=4,"Half Day","Short"))) -> Absent | K4: =IF(E4="Absent","N/A",IF(H4>=8,"Full Day",IF(H4>=4,"Half Day","Short"))) -> N/A | L4: =IF(J4=K4,"✓ Match","⚠ Mismatch") -> ⚠ Mismatch | M4: =IF(AND(J4=K4,OR(E4="Present",E4="Work From Home",E4="Absent")),"CLEAN","REVIEW") -> REVIEW
A5: EMP021 | B5: Nitin Sharma | C5: Sales | D5: 2026-01-01 | E5: Absent | F5: No Login | G5: No Logout | H5: 0 | I5: =IF(F5="No Login","",IF(TIMEVALUE(F5)>TIMEVALUE("09:00"),"Late","On Time")) | J5: =IF(E5="Absent","Absent",IF(H5>=8,"Full Day",IF(H5>=4,"Half Day","Short"))) -> Absent | K5: =IF(E5="Absent","N/A",IF(H5>=8,"Full Day",IF(H5>=4,"Half Day","Short"))) -> N/A | L5: =IF(J5=K5,"✓ Match","⚠ Mismatch") -> ⚠ Mismatch | M5: =IF(AND(J5=K5,OR(E5="Present",E5="Work From Home",E5="Absent")),"CLEAN","REVIEW") -> REVIEW
A6: EMP023 | B6: Harish Kumar | C6: HR | D6: 2026-01-01 | E6: Present | F6: 08:20 | G6: 20:15 | H6: =IFERROR(MOD(TIMEVALUE(G6)-TIMEVALUE(F6),1)*24,0) -> 11.916667 | I6: =IF(F6="No Login","",IF(TIMEVALUE(F6)>TIMEVALUE("09:00"),"Late","On Time")) -> On Time | J6: =IF(E6="Absent","Absent",IF(H6>=8,"Full Day",IF(H6>=4,"Half Day","Short"))) -> Full Day | K6: =IF(E6="Absent","N/A",IF(H6>=8,"Full Day",IF(H6>=4,"Half Day","Short"))) -> Full Day | L6: =IF(J6=K6,"✓ Match","⚠ Mismatch") -> ✓ Match | M6: =IF(AND(J6=K6,OR(E6="Present",E6="Work From Home",E6="Absent")),"CLEAN","REVIEW") -> CLEAN
A7: EMP008 | B7: Divya | C7: IT | D7: 2026-01-01 | E7: Present | F7: 08:45 | G7: 17:00 | H7: =IFERROR(MOD(TIMEVALUE(G7)-TIMEVALUE(F7),1)*24,0) -> 8.25 | I7: =IF(F7="No Login","",IF(TIMEVALUE(F7)>TIMEVALUE("09:00"),"Late","On Time")) -> On Time | J7: =IF(E7="Absent","Absent",IF(H7>=8,"Full Day",IF(H7>=4,"Half Day","Short"))) -> Full Day | K7: =IF(E7="Absent","N/A",IF(H7>=8,"Full Day",IF(H7>=4,"Half Day","Short"))) -> Full Day | L7: =IF(J7=K7,"✓ Match","⚠ Mismatch") -> ✓ Match | M7: =IF(AND(J7=K7,OR(E7="Present",E7="Work From Home",E7="Absent")),"CLEAN","REVIEW") -> CLEAN
A8: EMP024 | B8: Maheswari | C8: Finance | D8: 2026-01-01 | E8: Present | F8: 09:30 | G8: 19:10 | H8: =IFERROR(MOD(TIMEVALUE(G8)-TIMEVALUE(F8),1)*24,0) -> 9.6666667 | I8: =IF(F8="No Login","",IF(TIMEVALUE(F8)>TIMEVALUE("09:00"),"Late","On Time")) -> Late | J8: =IF(E8="Absent","Absent",IF(H8>=8,"Full Day",IF(H8>=4,"Half Day","Short"))) -> Full Day | K8: =IF(E8="Absent","N/A",IF(H8>=8,"Full Day",IF(H8>=4,"Half Day","Short"))) -> Full Day | L8: =IF(J8=K8,"✓ Match","⚠ Mismatch") -> ✓ Match | M8: =IF(AND(J8=K8,OR(E8="Present",E8="Work From Home",E8="Absent")),"CLEAN","REVIEW") -> CLEAN
A9: EMP027 | B9: Ashok Kumar | C9: Sales | D9: 2026-01-01 | E9: Present | F9: 09:10 | G9: 17:10 | H9: =IFERROR(MOD(TIMEVALUE(G9)-TIMEVALUE(F9),1)*24,0) -> 8 | I9: =IF(F9="No Login","",IF(TIMEVALUE(F9)>TIMEVALUE("09:00"),"Late","On Time")) -> Late | J9: =IF(E9="Absent","Absent",IF(H9>=8,"Full Day",IF(H9>=4,"Half Day","Short"))) -> Full Day | K9: =IF(E9="Absent","N/A",IF(H9>=8,"Full Day",IF(H9>=4,"Half Day","Short"))) -> Full Day | L9: =IF(J9=K9,"✓ Match","⚠ Mismatch") -> ✓ Match | M9: =IF(AND(J9=K9,OR(E9="Present",E9="Work From Home",E9="Absent")),"CLEAN","REVIEW") -> CLEAN
A10: EMP019 | B10: Rohit Malhotra | C10: Operations | D10: 2026-01-01 | E10: Present | F10: 09:10 | G10: 20:45 | H10: =IFERROR(MOD(TIMEVALUE(G10)-TIMEVALUE(F10),1)*24,0) -> 11.583333 | I10: =IF(F10="No Login","",IF(TIMEVALUE(F10)>TIMEVALUE("09:00"),"Late","On Time")) -> Late | J10: =IF(E10="Absent","Absent",IF(H10>=8,"Full Day",IF(H10>=4,"Half Day","Short"))) -> Full Day | K10: =IF(E10="Absent","N/A",IF(H10>=8,"Full Day",IF(H10>=4,"Half Day","Short"))) -> Full Day | L10: =IF(J10=K10,"✓ Match","⚠ Mismatch") -> ✓ Match | M10: =IF(AND(J10=K10,OR(E10="Present",E10="Work From Home",E10="Absent")),"CLEAN","REVIEW") -> CLEAN
A11: EMP006 | B11: Anjali | C11: IT | D11: 2026-01-01 | E11: Present | F11: 09:10 | G11: 16:10 | H11: =IFERROR(MOD(TIMEVALUE(G11)-TIMEVALUE(F11),1)*24,0) -> 7 | I11: =IF(F11="No Login","",IF(TIMEVALUE(F11)>TIMEVALUE("09:00"),"Late","On Time")) -> Late | J11: =IF(E11="Absent","Absent",IF(H11>=8,"Full Day",IF(H11>=4,"Half Day","Short"))) -> Half Day | K11: =IF(E11="Absent","N/A",IF(H11>=8,"Full Day",IF(H11>=4,"Half Day","Short"))) -> Half Day | L11: =IF(J11=K11,"✓ Match","⚠ Mismatch") -> ✓ Match | M11: =IF(AND(J11=K11,OR(E11="Present",E11="Work From Home",E11="Absent")),"CLEAN","REVIEW") -> CLEAN
A12: EMP017 | B12: Deepak | C12: HR | D12: 2026-01-01 | E12: Present | F12: 08:10 | G12: 20:45 | H12: =IFERROR(MOD(TIMEVALUE(G12)-TIMEVALUE(F12),1)*24,0) -> 12.583333 | I12: =IF(F12="No Login","",IF(TIMEVALUE(F12)>TIMEVALUE("09:00"),"Late","On Time")) -> On Time | J12: =IF(E12="Absent","Absent",IF(H12>=8,"Full Day",IF(H12>=4,"Half Day","Short"))) -> Full Day | K12: =IF(E12="Absent","N/A",IF(H12>=8,"Full Day",IF(H12>=4,"Half Day","Short"))) -> Full Day | L12: =IF(J12=K12,"✓ Match","⚠ Mismatch") -> ✓ Match | M12: =IF(AND(J12=K12,OR(E12="Present",E12="Work From Home",E12="Absent")),"CLEAN","REVIEW") -> CLEAN
A13: EMP001 | B13: Arun Kumar | C13: HR | D13: 2026-01-01 | E13: Present | F13: 08:10 | G13: 16:10 | H13: =IFERROR(MOD(TIMEVALUE(G13)-TIMEVALUE(F13),1)*24,0) -> 8 | I13: =IF(F13="No Login","",IF(TIMEVALUE(F13)>TIMEVALUE("09:00"),"Late","On Time")) -> On Time | J13: =IF(E13="Absent","Absent",IF(H13>=8,"Full Day",IF(H13>=4,"Half Day","Short"))) -> Full Day | K13: =IF(E13="Absent","N/A",IF(H13>=8,"Full Day",IF(H13>=4,"Half Day","Short"))) -> Full Day | L13: =IF(J13=K13,"✓ Match","⚠ Mismatch") -> ✓ Match | M13: =IF(AND(J13=K13,OR(E13="Present",E13="Work From Home",E13="Absent")),"CLEAN","REVIEW") -> CLEAN
A14: EMP011 | B14: Ajay Rao | C14: Finance | D14: 2026-01-01 | E14: Work From Home | F14: 09:20 | G14: 18:45 | H14: =IFERROR(MOD(TIMEVALUE(G14)-TIMEVALUE(F14),1)*24,0) -> 9.4166667 | I14: =IF(F14="No Login","",IF(TIMEVALUE(F14)>TIMEVALUE("09:00"),"Late","On Time")) -> Late | J14: =IF(E14="Absent","Absent",IF(H14>=8,"Full Day",IF(H14>=4,"Half Day","Short"))) -> Full Day | K14: =IF(E14="Absent","N/A",IF(H14>=8,"Full Day",IF(H14>=4,"Half Day","Short"))) -> Full Day | L14: =IF(J14=K14,"✓ Match","⚠ Mismatch") -> ✓ Match | M14: =IF(AND(J14=K14,OR(E14="Present",E14="Work From Home",E14="Absent")),"CLEAN","REVIEW") -> CLEAN
A15: EMP020 | B15: Lakshmi Devi | C15: Sales | D15: 2026-01-01 | E15: Present | F15: 09:45 | G15: 16:10 | H15: =IFERROR(MOD(TIMEVALUE(G15)-TIMEVALUE(F15),1)*24,0) -> 6.4166667 | I15: =IF(F15="No Login","",IF(TIMEVALUE(F15)>TIMEVALUE("09:00"),"Late","On Time")) -> Late | J15: =IF(E15="Absent","Absent",IF(H15>=8,"Full Day",IF(H15>=4,"Half Day","Short"))) -> Half Day | K15: =IF(E15="Absent","N/A",IF(H15>=8,"Full Day",IF(H15>=4,"Half Day","Short"))) -> Half Day | L15: =IF(J15=K15,"✓ Match","⚠ Mismatch") -> ✓ Match | M15: =IF(AND(J15=K15,OR(E15="Present",E15="Work From Home",E15="Absent")),"CLEAN","REVIEW") -> CLEAN
A16: EMP029 | B16: Sanjana Roy | C16: IT | D16: 2026-01-01 | E16: Present | F16: 10:15 | G16: 20:00 | H16: =IFERROR(MOD(TIMEVALUE(G16)-TIMEVALUE(F16),1)*24,0) -> 9.75 | I16: =IF(F16="No Login","",IF(TIMEVALUE(F16)>TIMEVALUE("09:00"),"Late","On Time")) -> Late | J16: =IF(E16="Absent","Absent",IF(H16>=8,"Full Day",IF(H16>=4,"Half Day","Short"))) -> Full Day | K16: =IF(E16="Absent","N/A",IF(H16>=8,"Full Day",IF(H16>=4,"Half Day","Short"))) -> Full Day | L16: =IF(J16=K16,"✓ Match","⚠ Mismatch") -> ✓ Match | M16: =IF(AND(J16=K16,OR(E16="Present",E16="Work From Home",E16="Absent")),"CLEAN","REVIEW") -> CLEAN
A17: EMP030 | B17: Mohit Agarwal | C17: IT | D17: 2026-01-01 | E17: Present | F17: 09:15 | G17: 20:15 | H17: =IFERROR(MOD(TIMEVALUE(G17)-TIMEVALUE(F17),1)*24,0) -> 11 | I17: =IF(F17="No Login","",IF(TIMEVALUE(F17)>TIMEVALUE("09:00"),"Late","On Time")) -> Late | J17: =IF(E17="Absent","Absent",IF(H17>=8,"Full Day",IF(H17>=4,"Half Day","Short"))) -> Full Day | K17: =IF(E17="Absent","N/A",IF(H17>=8,"Full Day",IF(H17>=4,"Half Day","Short"))) -> Full Day | L17: =IF(J17=K17,"✓ Match","⚠ Mismatch") -> ✓ Match | M17: =IF(AND(J17=K17,OR(E17="Present",E17="Work From Home",E17="Absent")),"CLEAN","REVIEW") -> CLEAN
A18: EMP014 | B18: Neha | C18: Sales | D18: 2026-01-01 | E18: Absent | F18: No Login | G18: No Logout | H18: 0 | I18: =IF(F18="No Login","",IF(TIMEVALUE(F18)>TIMEVALUE("09:00"),"Late","On Time")) | J18: =IF(E18="Absent","Absent",IF(H18>=8,"Full Day",IF(H18>=4,"Half Day","Short"))) -> Absent | K18: =IF(E18="Absent","N/A",IF(H18>=8,"Full Day",IF(H18>=4,"Half Day","Short"))) -> N/A | L18: =IF(J18=K18,"✓ Match","⚠ Mismatch") -> ⚠ Mismatch | M18: =IF(AND(J18=K18,OR(E18="Present",E18="Work From Home",E18="Absent")),"CLEAN","REVIEW") -> REVIEW
A19: EMP022 | B19: Swathi Rao | C19: Operations | D19: 2026-01-01 | E19: Absent | F19: No Login | G19: No Logout | H19: 0 | I19: =IF(F19="No Login","",IF(TIMEVALUE(F19)>TIMEVALUE("09:00"),"Late","On Time")) | J19: =IF(E19="Absent","Absent",IF(H19>=8,"Full Day",IF(H19>=4,"Half Day","Short"))) -> Absent | K19: =IF(E19="Absent","N/A",IF(H19>=8,"Full Day",IF(H19>=4,"Half Day","Short"))) -> N/A | L19: =IF(J19=K19,"✓ Match","⚠ Mismatch") -> ⚠ Mismatch | M19: =IF(AND(J19=K19,OR(E19="Present",E19="Work From Home",E19="Absent")),"CLEAN","REVIEW") -> REVIEW
A20: EMP003 | B20: Rahul Verma | C20: HR | D20: 2026-01-01 | E20: Present | F20: 08:00 | G20: 16:10 | H20: =IFERROR(MOD(TIMEVALUE(G20)-TIMEVALUE(F20),1)*24,0) -> 8.1666667 | I20: =IF(F20="No Login","",IF(TIMEVALUE(F20)>TIMEVALUE("09:00"),"Late","On Time")) -> On Time | J20: =IF(E20="Absent","Absent",IF(H20>=8,"Full Day",IF(H20>=4,"Half Day","Short"))) -> Full Day | K20: =IF(E20="Absent","N/A",IF(H20>=8,"Full Day",IF(H20>=4,"Half Day","Short"))) -> Full Day | L20: =IF(J20=K20,"✓ Match","⚠ Mismatch") -> ✓ Match | M20: =IF(AND(J20=K20,OR(E20="Present",E20="Work From Home",E20="Absent")),"CLEAN","REVIEW") -> CLEAN
A21: EMP016 | B21: Kavya Menon | C21: IT | D21: 2026-01-01 | E21: Present | F21: 09:45 | G21: 18:10 | H21: =IFERROR(MOD(TIMEVALUE(G21)-TIMEVALUE(F21),1)*24,0) -> 8.4166667 | I21: =IF(F21="No Login","",IF(TIMEVALUE(F21)>TIMEVALUE("09:00"),"Late","On Time")) -> Late | J21: =IF(E21="Absent","Absent",IF(H21>=8,"Full Day",IF(H21>=4,"Half Day","Short"))) -> Full Day | K21: =IF(E21="Absent","N/A",IF(H21>=8,"Full Day",IF(H21>=4,"Half Day","Short"))) -> Full Day | L21: =IF(J21=K21,"✓ Match","⚠ Mismatch") -> ✓ Match | M21: =IF(AND(J21=K21,OR(E21="Present",E21="Work From Home",E21="Absent")),"CLEAN","REVIEW") -> CLEAN
A22: EMP026 | B22: Gayathri S | C22: IT | D22: 2026-01-01 | E22: Absent | F22: No Login | G22: No Logout | H22: 0 | I22: =IF(F22="No Login","",IF(TIMEVALUE(F22)>TIMEVALUE("09:00"),"Late","On Time")) | J22: =IF(E22="Absent","Absent",IF(H22>=8,"Full Day",IF(H22>=4,"Half Day","Short"))) -> Absent | K22: =IF(E22="Absent","N/A",IF(H22>=8,"Full Day",IF(H22>=4,"Half Day","Short"))) -> N/A | L22: =IF(J22=K22,"✓ Match","⚠ Mismatch") -> ⚠ Mismatch | M22: =IF(AND(J22=K22,OR(E22="Present",E22="Work From Home",E22="Absent")),"CLEAN","REVIEW") -> REVIEW
A23: EMP002 | B23: Priya Sharma | C23: Sales | D23: 2026-01-01 | E23: Present | F23: 08:30 | G23: 19:00 | H23: =IFERROR(MOD(TIMEVALUE(G23)-TIMEVALUE(F23),1)*24,0) -> 10.5 | I23: =IF(F23="No Login","",IF(TIMEVALUE(F23)>TIMEVALUE("09:00"),"Late","On Time")) -> On Time | J23: =IF(E23="Absent","Absent",IF(H23>=8,"Full Day",IF(H23>=4,"Half Day","Short"))) -> Full Day | K23: =IF(E23="Absent","N/A",IF(H23>=8,"Full Day",IF(H23>=4,"Half Day","Short"))) -> Full Day | L23: =IF(J23=K23,"✓ Match","⚠ Mismatch") -> ✓ Match | M23: =IF(AND(J23=K23,OR(E23="Present",E23="Work From Home",E23="Absent")),"CLEAN","REVIEW") -> CLEAN
A24: EMP010 | B24: Meena | C24: Finance | D24: 2026-01-01 | E24: Present | F24: 08:15 | G24: 19:00 | H24: =IFERROR(MOD(TIMEVALUE(G24)-TIMEVALUE(F24),1)*24,0) -> 10.75 | I24: =IF(F24="No Login","",IF(TIMEVALUE(F24)>TIMEVALUE("09:00"),"Late","On Time")) -> On Time | J24: =IF(E24="Absent","Absent",IF(H24>=8,"Full Day",IF(H24>=4,"Half Day","Short"))) -> Full Day | K24: =IF(E24="Absent","N/A",IF(H24>=8,"Full Day",IF(H24>=4,"Half Day","Short"))) -> Full Day | L24: =IF(J24=K24,"✓ Match","⚠ Mismatch") -> ✓ Match | M24: =IF(AND(J24=K24,OR(E24="Present",E24="Work From Home",E24="Absent")),"CLEAN","REVIEW") -> CLEAN
A25: EMP025 | B25: Varun Sethi | C25: HR | D25: 2026-01-01 | E25: Present | F25: 08:20 | G25: 19:15 | H25: =IFERROR(MOD(TIMEVALUE(G25)-TIMEVALUE(F25),1)*24,0) -> 10.916667 | I25: =IF(F25="No Login","",IF(TIMEVALUE(F25)>TIMEVALUE("09:00"),"Late","On Time")) -> On Time | J25: =IF(E25="Absent","Absent",IF(H25>=8,"Full Day",IF(H25>=4,"Half Day","Short"))) -> Full Day | K25: =IF(E25="Absent","N/A",IF(H25>=8,"Full Day",IF(H25>=4,"Half Day","Short"))) -> Full Day | L25: =IF(J25=K25,"✓ Match","⚠ Mismatch") -> ✓ Match | M25: =IF(AND(J25=K25,OR(E25="Present",E25="Work From Home",E25="Absent")),"CLEAN","REVIEW") -> CLEAN
A26: EMP007 | B26: Karan Patel | C26: Finance | D26: 2026-01-01 | E26: Absent | F26: No Login | G26: No Logout | H26: 0 | I26: =IF(F26="No Login","",IF(TIMEVALUE(F26)>TIMEVALUE("09:00"),"Late","On Time")) | J26: =IF(E26="Absent","Absent",IF(H26>=8,"Full Day",IF(H26>=4,"Half Day","Short"))) -> Absent | K26: =IF(E26="Absent","N/A",IF(H26>=8,"Full Day",IF(H26>=4,"Half Day","Short"))) -> N/A | L26: =IF(J26=K26,"✓ Match","⚠ Mismatch") -> ⚠ Mismatch | M26: =IF(AND(J26=K26,OR(E26="Present",E26="Work From Home",E26="Absent")),"CLEAN","REVIEW") -> REVIEW
A27: EMP009 | B27: Suresh Babu | C27: HR | D27: 2026-01-01 | E27: Present | F27: 08:45 | G27: 17:30 | H27: =IFERROR(MOD(TIMEVALUE(G27)-TIMEVALUE(F27),1)*24,0) -> 8.75 | I27: =IF(F27="No Login","",IF(TIMEVALUE(F27)>TIMEVALUE("09:00"),"Late","On Time")) -> On Time | J27: =IF(E27="Absent","Absent",IF(H27>=8,"Full Day",IF(H27>=4,"Half Day","Short"))) -> Full Day | K27: =IF(E27="Absent","N/A",IF(H27>=8,"Full Day",IF(H27>=4,"Half Day","Short"))) -> Full Day | L27: =IF(J27=K27,"✓ Match","⚠ Mismatch") -> ✓ Match | M27: =IF(AND(J27=K27,OR(E27="Present",E27="Work From Home",E27="Absent")),"CLEAN","REVIEW") -> CLEAN
A28: EMP012 | B28: Pooja Das | C28: Sales | D28: 2026-01-01 | E28: Present | F28: 10:20 | G28: 18:45 | H28: =IFERROR(MOD(TIMEVALUE(G28)-TIMEVALUE(F28),1)*24,0) -> 8.4166667 | I28: =IF(F28="No Login","",IF(TIMEVALUE(F28)>TIMEVALUE("09:00"),"Late","On Time")) -> Late | J28: =IF(E28="Absent","Absent",IF(H28>=8,"Full Day",IF(H28>=4,"Half Day","Short"))) -> Full Day | K28: =IF(E28="Absent","N/A",IF(H28>=8,"Full Day",IF(H28>=4,"Half Day","Short"))) -> Full Day | L28: =IF(J28=K28,"✓ Match","⚠ Mismatch") -> ✓ Match | M28: =IF(AND(J28=K28,OR(E28="Present",E28="Work From Home",E28="Absent")),"CLEAN","REVIEW") -> CLEAN
A29: EMP015 | B29: Manoj | C29: Finance | D29: 2026-01-01 | E29: Absent | F29: No Login | G29: No Logout | H29: 0 | I29: =IF(F29="No Login","",IF(TIMEVALUE(F29)>TIMEVALUE("09:00"),"Late","On Time")) | J29: =IF(E29="Absent","Absent",IF(H29>=8,"Full Day",IF(H29>=4,"Half Day","Short"))) -> Absent | K29: =IF(E29="Absent","N/A",IF(H29>=8,"Full Day",IF(H29>=4,"Half Day","Short"))) -> N/A | L29: =IF(J29=K29,"✓ Match","⚠ Mismatch") -> ⚠ Mismatch | M29: =IF(AND(J29=K29,OR(E29="Present",E29="Work From Home",E29="Absent")),"CLEAN","REVIEW") -> REVIEW
A30: EMP018 | B30: Aisha Khan | C30: Sales | D30: 2026-01-01 | E30: Present | F30: 09:05 | G30: 20:45 | H30: =IFERROR(MOD(TIMEVALUE(G30)-TIMEVALUE(F30),1)*24,0) -> 11.666667 | I30: =IF(F30="No Login","",IF(TIMEVALUE(F30)>TIMEVALUE("09:00"),"Late","On Time")) -> Late | J30: =IF(E30="Absent","Absent",IF(H30>=8,"Full Day",IF(H30>=4,"Half Day","Short"))) -> Full Day | K30: =IF(E30="Absent","N/A",IF(H30>=8,"Full Day",IF(H30>=4,"Half Day","Short"))) -> Full Day | L30: =IF(J30=K30,"✓ Match","⚠ Mismatch") -> ✓ Match | M30: =IF(AND(J30=K30,OR(E30="Present",E30="Work From Home",E30="Absent")),"CLEAN","REVIEW") -> CLEAN
A31: EMP013 | B31: Ramesh | C31: Sales | D31: 2026-01-01 | E31: Present | F31: 09:45 | G31: 18:00 | H31: =IFERROR(MOD(TIMEVALUE(G31)-TIMEVALUE(F31),1)*24,0) -> 8.25 | I31: =IF(F31="No Login","",IF(TIMEVALUE(F31)>TIMEVALUE("09:00"),"Late","On Time")) -> Late | J31: =IF(E31="Absent","Absent",IF(H31>=8,"Full Day",IF(H31>=4,"Half Day","Short"))) -> Full Day | K31: =IF(E31="Absent","N/A",IF(H31>=8,"Full Day",IF(H31>=4,"Half Day","Short"))) -> Full Day | L31: =IF(J31=K31,"✓ Match","⚠ Mismatch") -> ✓ Match | M31: =IF(AND(J31=K31,OR(E31="Present",E31="Work From Home",E31="Absent")),"CLEAN","REVIEW") -> CLEAN
A32: EMP028 | B32: Naveen Raj | C32: IT | D32: 2026-01-01 | E32: Present | F32: 08:00 | G32: 15:10 | H32: =IFERROR(MOD(TIMEVALUE(G32)-TIMEVALUE(F32),1)*24,0) -> 7.1666667 | I32: =IF(F32="No Login","",IF(TIMEVALUE(F32)>TIMEVALUE("09:00"),"Late","On Time")) -> On Time | J32: =IF(E32="Absent","Absent",IF(H32>=8,"Full Day",IF(H32>=4,"Half Day","Short"))) -> Half Day | K32: =IF(E32="Absent","N/A",IF(H32>=8,"Full Day",IF(H32>=4,"Half Day","Short"))) -> Half Day | L32: =IF(J32=K32,"✓ Match","⚠ Mismatch") -> ✓ Match | M32: =IF(AND(J32=K32,OR(E32="Present",E32="Work From Home",E32="Absent")),"CLEAN","REVIEW") -> CLEAN
A33: EMP003 | B33: Rahul Verma | C33: HR | D33: 2026-01-02 | E33: Present | F33: 08:05 | G33: 18:00 | H33: =IFERROR(MOD(TIMEVALUE(G33)-TIMEVALUE(F33),1)*24,0) -> 9.9166667 | I33: =IF(F33="No Login","",IF(TIMEVALUE(F33)>TIMEVALUE("09:00"),"Late","On Time")) -> On Time | J33: =IF(E33="Absent","Absent",IF(H33>=8,"Full Day",IF(H33>=4,"Half Day","Short"))) -> Full Day | K33: =IF(E33="Absent","N/A",IF(H33>=8,"Full Day",IF(H33>=4,"Half Day","Short"))) -> Full Day | L33: =IF(J33=K33,"✓ Match","⚠ Mismatch") -> ✓ Match | M33: =IF(AND(J33=K33,OR(E33="Present",E33="Work From Home",E33="Absent")),"CLEAN","REVIEW") -> CLEAN
A34: EMP006 | B34: Anjali | C34: IT | D34: 2026-01-02 | E34: Present | F34: 08:10 | G34: 16:30 | H34: =IFERROR(MOD(TIMEVALUE(G34)-TIMEVALUE(F34),1)*24,0) -> 8.3333333 | I34: =IF(F34="No Login","",IF(TIMEVALUE(F34)>TIMEVALUE("09:00"),"Late","On Time")) -> On Time | J34: =IF(E34="Absent","Absent",IF(H34>=8,"Full Day",IF(H34>=4,"Half Day","Short"))) -> Full Day | K34: =IF(E34="Absent","N/A",IF(H34>=8,"Full Day",IF(H34>=4,"Half Day","Short"))) -> Full Day | L34: =IF(J34=K34,"✓ Match","⚠ Mismatch") -> ✓ Match | M34: =IF(AND(J34=K34,OR(E34="Present",E34="Work From Home",E34="Absent")),"CLEAN","REVIEW") -> CLEAN
A35: EMP021 | B35: Nitin Sharma | C35: Sales | D35: 2026-01-02 | E35: Present | F35: 10:20 | G35: 20:20 | H35: =IFERROR(MOD(TIMEVALUE(G35)-TIMEVALUE(F35),1)*24,0) -> 10 | I35: =IF(F35="No Login","",IF(TIMEVALUE(F35)>TIMEVALUE("09:00"),"Late","On Time")) -> Late | J35: =IF(E35="Absent","Absent",IF(H35>=8,"Full Day",IF(H35>=4,"Half Day","Short"))) -> Full Day | K35: =IF(E35="Absent","N/A",IF(H35>=8,"Full Day",IF(H35>=4,"Half Day","Short"))) -> Full Day | L35: =IF(J35=K35,"✓ Match","⚠ Mismatch") -> ✓ Match | M35: =IF(AND(J35=K35,OR(E35="Present",E35="Work From Home",E35="Absent")),"CLEAN","REVIEW") -> CLEAN
A36: EMP020 | B36: Lakshmi Devi | C36: Sales | D36: 2026-01-02 | E36: Present | F36: 08:15 | G36: 16:30 | H36: =IFERROR(MOD(TIMEVALUE(G36)-TIMEVALUE(F36),1)*24,0) -> 8.25 | I36: =IF(F36="No Login","",IF(TIMEVALUE(F36)>TIMEVALUE("09:00"),"Late","On Time")) -> On Time | J36: =IF(E36="Absent","Absent",IF(H36>=8,"Full Day",IF(H36>=4,"Half Day","Short"))) -> Full Day | K36: =IF(E36="Absent","N/A",IF(H36>=8,"Full Day",IF(H36>=4,"Half Day","Short"))) -> Full Day | L36: =IF(J36=K36,"✓ Match","⚠ Mismatch") -> ✓ Match | M36: =IF(AND(J36=K36,OR(E36="Present",E36="Work From Home",E36="Absent")),"CLEAN","REVIEW") -> CLEAN
A37: EMP025 | B37: Varun Sethi | C37: HR | D37: 2026-01-02 | E37: Present | F37: 09:30 | G37: 16:00 | H37: =IFERROR(MOD(TIMEVALUE(G37)-TIMEVALUE(F37),1)*24,0) -> 6.5 | I37: =IF(F37="No Login","",IF(TIMEVALUE(F37)>TIMEVALUE("09:00"),"Late","On Time")) -> Late | J37: =IF(E37="Absent","Absent",IF(H37>=8,"Full Day",IF(H37>=4,"Half Day","Short"))) -> Half Day | K37: =IF(E37="Absent","N/A",IF(H37>=8,"Full Day",IF(H37>=4,"Half Day","Short"))) -> Half Day | L37: =IF(J37=K37,"✓ Match","⚠ Mismatch") -> ✓ Match | M37: =IF(AND(J37=K37,OR(E37="Present",E37="Work From Home",E37="Absent")),"CLEAN","REVIEW") -> CLEAN
A38: EMP029 | B38: Sanjana Roy | C38: IT | D38: 2026-01-02 | E38: Present | F38: 09:20 | G38: 16:00 | H38: =IFERROR(MOD(TIMEVALUE(G38)-TIMEVALUE(F38),1)*24,0) -> 6.6666667 | I38: =IF(F38="No Login","",IF(TIMEVALUE(F38)>TIMEVALUE("09:00"),"Late","On Time")) -> Late | J38: =IF(E38="Absent","Absent",IF(H38>=8,"Full Day",IF(H38>=4,"Half Day","Short"))) -> Half Day | K38: =IF(E38="Absent","N/A",IF(H38>=8,"Full Day",IF(H38>=4,"Half Day","Short"))) -> Half Day | L38: =IF(J38=K38,"✓ Match","⚠ Mismatch") -> ✓ Match | M38: =IF(AND(J38=K38,OR(E38="Present",E38="Work From Home",E38="Absent")),"CLEAN","REVIEW") -> CLEAN
A39: EMP028 | B39: Naveen Raj | C39: IT | D39: 2026-01-02 | E39: Present | F39: 08:00 | G39: 18:30 | H39: =IFERROR(MOD(TIMEVALUE(G39)-TIMEVALUE(F39),1)*24,0) -> 10.5 | I39: =IF(F39="No Login","",IF(TIMEVALUE(F39)>TIMEVALUE("09:00"),"Late","On Time")) -> On Time | J39: =IF(E39="Absent","Absent",IF(H39>=8,"Full Day",IF(H39>=4,"Half Day","Short"))) -> Full Day | K39: =IF(E39="Absent","N/A",IF(H39>=8,"Full Day",IF(H39>=4,"Half Day","Short"))) -> Full Day | L39: =IF(J39=K39,"✓ Match","⚠ Mismatch") -> ✓ Match | M39: =IF(AND(J39=K39,OR(E39="Present",E39="Work From Home",E39="Absent")),"CLEAN","REVIEW") -> CLEAN
A40: EMP013 | B40: Ramesh | C40: Sales | D40: 2026-01-02 | E40: Absent | F40: No Login | G40: No Logout | H40: 0 | I40: =IF(F40="No Login","",IF(TIMEVALUE(F40)>TIMEVALUE("09:00"),"Late","On Time")) | J40: =IF(E40="Absent","Absent",IF(H40>=8,"Full Day",IF(H40>=4,"Half Day","Short"))) -> Absent | K40: =IF(E40="Absent","N/A",IF(H40>=8,"Full Day",IF(H40>=4,"Half Day","Short"))) -> N/A | L40: =IF(J40=K40,"✓ Match","⚠ Mismatch") -> ⚠ Mismatch | M40: =IF(AND(J40=K40,OR(E40="Present",E40="Work From Home",E40="Absent")),"CLEAN","REVIEW") -> REVIEW
A41: EMP005 | B41: Vijay | C41: IT | D41: 2026-01-02 | E41: Present | F41: 08:30 | G41: 17:45 | H41: =IFERROR(MOD(TIMEVALUE(G41)-TIMEVALUE(F41),1)*24,0) -> 9.25 | I41: =IF(F41="No Login","",IF(TIMEVALUE(F41)>TIMEVALUE("09:00"),"Late","On Time")) -> On Time | J41: =IF(E41="Absent","Absent",IF(H41>=8,"Full Day",IF(H41>=4,"Half Day","Short"))) -> Full Day | K41: =IF(E41="Absent","N/A",IF(H41>=8,"Full Day",IF(H41>=4,"Half Day","Short"))) -> Full Day | L41: =IF(J41=K41,"✓ Match","⚠ Mismatch") -> ✓ Match | M41: =IF(AND(J41=K41,OR(E41="Present",E41="Work From Home",E41="Absent")),"CLEAN","REVIEW") -> CLEAN
A42: EMP010 | B42: Meena | C42: Finance | D42: 2026-01-02 | E42: Present | F42: 08:45 | G42: 19:10 | H42: =IFERROR(MOD(TIMEVALUE(G42)-TIMEVALUE(F42),1)*24,0) -> 10.416667 | I42: =IF(F42="No Login","",IF(TIMEVALUE(F42)>TIMEVALUE("09:00"),"Late","On Time")) -> On Time | J42: =IF(E42="Absent","Absent",IF(H42>=8,"Full Day",IF(H42>=4,"Half Day","Short"))) -> Full Day | K42: =IF(E42="Absent","N/A",IF(H42>=8,"Full Day",IF(H42>=4,"Half Day","Short"))) -> Full Day | L42: =IF(J42=K42,"✓ Match","⚠ Mismatch") -> ✓ Match | M42: =IF(AND(J42=K42,OR(E42="Present",E42="Work From Home",E42="Absent")),"CLEAN","REVIEW") -> CLEAN
A43: EMP008 | B43: Divya | C43: IT | D43: 2026-01-02 | E43: Present | F43: 08:10 | G43: 17:10 | H43: =IFERROR(MOD(TIMEVALUE(G43)-TIMEVALUE(F43),1)*24,0) -> 9 | I43: =IF(F43="No Login","",IF(TIMEVALUE(F43)>TIMEVALUE("09:00"),"Late","On Time")) -> On Time | J43: =IF(E43="Absent","Absent",IF(H43>=8,"Full Day",IF(H43>=4,"Half Day","Short"))) -> Full Day | K43: =IF(E43="Absent","N/A",IF(H43>=8,"Full Day",IF(H43>=4,"Half Day","Short"))) -> Full Day | L43: =IF(J43=K43,"✓ Match","⚠ Mismatch") -> ✓ Match | M43: =IF(AND(J43=K43,OR(E43="Present",E43="Work From Home",E43="Absent")),"CLEAN","REVIEW") -> CLEAN
A44: EMP017 | B44: Deepak | C44: HR | D44: 2026-01-02 | E44: Present | F44: 08:05 | G44: 15:00 | H44: =IFERROR(MOD(TIMEVALUE(G44)-TIMEVALUE(F44),1)*24,0) -> 6.9166667 | I44: =IF(F44="No Login","",IF(TIMEVALUE(F44)>TIMEVALUE("09:00"),"Late","On Time")) -> On Time | J44: =IF(E44="Absent","Absent",IF(H44>=8,"Full Day",IF(H44>=4,"Half Day","Short"))) -> Half Day | K44: =IF(E44="Absent","N/A",IF(H44>=8,"Full Day",IF(H44>=4,"Half Day","Short"))) -> Half Day | L44: =IF(J44=K44,"✓ Match","⚠ Mismatch") -> ✓ Match | M44: =IF(AND(J44=K44,OR(E44="Present",E44="Work From Home",E44="Absent")),"CLEAN","REVIEW") -> CLEAN
A45: EMP022 | B45: Swathi Rao | C45: Operations | D45: 2026-01-02 | E45: Present | F45: 09:15 | G45: 17:00 | H45: =IFERROR(MOD(TIMEVALUE(G45)-TIMEVALUE(F45),1)*24,0) -> 7.75 | I45: =IF(F45="No Login","",IF(TIMEVALUE(F45)>TIMEVALUE("09:00"),"Late","On Time")) -> Late | J45: =IF(E45="Absent","Absent",IF(H45>=8,"Full Day",IF(H45>=4,"Half Day","Short"))) -> Half Day | K45: =IF(E45="Absent","N/A",IF(H45>=8,"Full Day",IF(H45>=4,"Half Day","Short"))) -> Half Day | L45: =IF(J45=K45,"✓ Match","⚠ Mismatch") -> ✓ Match | M45: =IF(AND(J45=K45,OR(E45="Present",E45="Work From Home",E45="Absent")),"CLEAN","REVIEW") -> CLEAN
A46: EMP004 | B46: Sneha Reddy | C46: Sales | D46: 2026-01-02 | E46: Work From Home | F46: 10:10 | G46: 20:10 | H46: =IFERROR(MOD(TIMEVALUE(G46)-TIMEVALUE(F46),1)*24,0) -> 10 | I46: =IF(F46="No Login","",IF(TIMEVALUE(F46)>TIMEVALUE("09:00"),"Late","On Time")) -> Late | J46: =IF(E46="Absent","Absent",IF(H46>=8,"Full Day",IF(H46>=4,"Half Day","Short"))) -> Full Day | K46: =IF(E46="Absent","N/A",IF(H46>=8,"Full Day",IF(H46>=4,"Half Day","Short"))) -> Full Day | L46: =IF(J46=K46,"✓ Match","⚠ Mismatch") -> ✓ Match | M46: =IF(AND(J46=K46,OR(E46="Present",E46="Work From Home",E46="Absent")),"CLEAN","REVIEW") -> CLEAN
A47: EMP009 | B47: Suresh Babu | C47: HR | D47: 2026-01-02 | E47: Present | F47: 10:00 | G47: 17:45 | H47: =IFERROR(MOD(TIMEVALUE(G47)-TIMEVALUE(F47),1)*24,0) -> 7.75 | I47: =IF(F47="No Login","",IF(TIMEVALUE(F47)>TIMEVALUE("09:00"),"Late","On Time")) -> Late | J47: =IF(E47="Absent","Absent",IF(H47>=8,"Full Day",IF(H47>=4,"Half Day","Short"))) -> Half Day | K47: =IF(E47="Absent","N/A",IF(H47>=8,"Full Day",IF(H47>=4,"Half Day","Short"))) -> Half Day | L47: =IF(J47=K47,"✓ Match","⚠ Mismatch") -> ✓ Match | M47: =IF(AND(J47=K47,OR(E47="Present",E47="Work From Home",E47="Absent")),"CLEAN","REVIEW") -> CLEAN
A48: EMP014 | B48: Neha | C48: Sales | D48: 2026-01-02 | E48: Absent | F48: No Login | G48: No Logout | H48: 0 | I48: =IF(F48="No Login","",IF(TIMEVALUE(F48)>TIMEVALUE("09:00"),"Late","On Time")) | J48: =IF(E48="Absent","Absent",IF(H48>=8,"Full Day",IF(H48>=4,"Half Day","Short"))) -> Absent | K48: =IF(E48="Absent","N/A",IF(H48>=8,"Full Day",IF(H48>=4,"Half Day","Short"))) -> N/A | L48: =IF(J48=K48,"✓ Match","⚠ Mismatch") -> ⚠ Mismatch | M48: =IF(AND(J48=K48,OR(E48="Present",E48="Work From Home",E48="Absent")),"CLEAN","REVIEW") -> REVIEW
A49: EMP002 | B49: Priya Sharma | C49: Sales | D49: 2026-01-02 | E49: Present | F49: 10:45 | G49: 19:45 | H49: =IFERROR(MOD(TIMEVALUE(G49)-TIMEVALUE(F49),1)*24,0) -> 9 | I49: =IF(F49="No Login","",IF(TIMEVALUE(F49)>TIMEVALUE("09:00"),"Late","On Time")) -> Late | J49: =IF(E49="Absent","Absent",IF(H49>=8,"Full Day",IF(H49>=4,"Half Day","Short"))) -> Full Day | K49: =IF(E49="Absent","N/A",IF(H49>=8,"Full Day",IF(H49>=4,"Half Day","Short"))) -> Full Day | L49: =IF(J49=K49,"✓ Match","⚠ Mismatch") -> ✓ Match | M49: =IF(AND(J49=K49,OR(E49="Present",E49="Work From Home",E49="Absent")),"CLEAN","REVIEW") -> CLEAN
A50: EMP023 | B50: Harish Kumar | C50: HR | D50: 2026-01-02 | E50: Present | F50: 09:15 | G50: 19:20 | H50: =IFERROR(MOD(TIMEVALUE(G50)-TIMEVALUE(F50),1)*24,0) -> 10.083333 | I50: =IF(F50="No Login","",IF(TIMEVALUE(F50)>TIMEVALUE("09:00"),"Late","On Time")) -> Late | J50: =IF(E50="Absent","Absent",IF(H50>=8,"Full Day",IF(H50>=4,"Half Day","Short"))) -> Full Day | K50: =IF(E50="Absent","N/A",IF(H50>=8,"Full Day",IF(H50>=4,"Half Day","Short"))) -> Full Day | L50: =IF(J50=K50,"✓ Match","⚠ Mismatch") -> ✓ Match | M50: =IF(AND(J50=K50,OR(E50="Present",E50="Work From Home",E50="Absent")),"CLEAN","REVIEW") -> CLEAN
A51: EMP019 | B51: Rohit Malhotra | C51: Operations | D51: 2026-01-02 | E51: Present | F51: 08:00 | G51: 17:00 | H51: =IFERROR(MOD(TIMEVALUE(G51)-TIMEVALUE(F51),1)*24,0) -> 9 | I51: =IF(F51="No Login","",IF(TIMEVALUE(F51)>TIMEVALUE("09:00"),"Late","On Time")) -> On Time | J51: =IF(E51="Absent","Absent",IF(H51>=8,"Full Day",IF(H51>=4,"Half Day","Short"))) -> Full Day | K51: =IF(E51="Absent","N/A",IF(H51>=8,"Full Day",IF(H51>=4,"Half Day","Short"))) -> Full Day | L51: =IF(J51=K51,"✓ Match","⚠ Mismatch") -> ✓ Match | M51: =IF(AND(J51=K51,OR(E51="Present",E51="Work From Home",E51="Absent")),"CLEAN","REVIEW") -> CLEAN
A52: EMP012 | B52: Pooja Das | C52: Sales | D52: 2026-01-02 | E52: Present | F52: 09:05 | G52: 20:45 | H52: =IFERROR(MOD(TIMEVALUE(G52)-TIMEVALUE(F52),1)*24,0) -> 11.666667 | I52: =IF(F52="No Login","",IF(TIMEVALUE(F52)>TIMEVALUE("09:00"),"Late","On Time")) -> Late | J52: =IF(E52="Absent","Absent",IF(H52>=8,"Full Day",IF(H52>=4,"Half Day","Short"))) -> Full Day | K52: =IF(E52="Absent","N/A",IF(H52>=8,"Full Day",IF(H52>=4,"Half Day","Short"))) -> Full Day | L52: =IF(J52=K52,"✓ Match","⚠ Mismatch") -> ✓ Match | M52: =IF(AND(J52=K52,OR(E52="Present",E52="Work From Home",E52="Absent")),"CLEAN","REVIEW") -> CLEAN
A53: EMP015 | B53: Manoj | C53: Finance | D53: 2026-01-02 | E53: Present | F53: 09:10 | G53: 19:30 | H53: =IFERROR(MOD(TIMEVALUE(G53)-TIMEVALUE(F53),1)*24,0) -> 10.333333 | I53: =IF(F53="No Login","",IF(TIMEVALUE(F53)>TIMEVALUE("09:00"),"Late","On Time")) -> Late | J53: =IF(E53="Absent","Absent",IF(H53>=8,"Full Day",IF(H53>=4,"Half Day","Short"))) -> Full Day | K53: =IF(E53="Absent","N/A",IF(H53>=8,"Full Day",IF(H53>=4,"Half Day","Short"))) -> Full Day | L53: =IF(J53=K53,"✓ Match","⚠ Mismatch") -> ✓ Match | M53: =IF(AND(J53=K53,OR(E53="Present",E53="Work From Home",E53="Absent")),"CLEAN","REVIEW") -> CLEAN
A54: EMP024 | B54: Maheswari | C54: Finance | D54: 2026-01-02 | E54: Absent | F54: No Login | G54: No Logout | H54: 0 | I54: =IF(F54="No Login","",IF(TIMEVALUE(F54)>TIMEVALUE("09:00"),"Late","On Time")) | J54: =IF(E54="Absent","Absent",IF(H54>=8,"Full Day",IF(H54>=4,"Half Day","Short"))) -> Absent | K54: =IF(E54="Absent","N/A",IF(H54>=8,"Full Day",IF(H54>=4,"Half Day","Short"))) -> N/A | L54: =IF(J54=K54,"✓ Match","⚠ Mismatch") -> ⚠ Mismatch | M54: =IF(AND(J54=K54,OR(E54="Present",E54="Work From Home",E54="Absent")),"CLEAN","REVIEW") -> REVIEW
A55: EMP007 | B55: Karan Patel | C55: Finance | D55: 2026-01-02 | E55: Work From Home | F55: 10:00 | G55: 20:15 | H55: =IFERROR(MOD(TIMEVALUE(G55)-TIMEVALUE(F55),1)*24,0) -> 10.25 | I55: =IF(F55="No Login","",IF(TIMEVALUE(F55)>TIMEVALUE("09:00"),"Late","On Time")) -> Late | J55: =IF(E55="Absent","Absent",IF(H55>=8,"Full Day",IF(H55>=4,"Half Day","Short"))) -> Full Day | K55: =IF(E55="Absent","N/A",IF(H55>=8,"Full Day",IF(H55>=4,"Half Day","Short"))) -> Full Day | L55: =IF(J55=K55,"✓ Match","⚠ Mismatch") -> ✓ Match | M55: =IF(AND(J55=K55,OR(E55="Present",E55="Work From Home",E55="Absent")),"CLEAN","REVIEW") -> CLEAN
A56: EMP018 | B56: Aisha Khan | C56: Sales | D56: 2026-01-02 | E56: Absent | F56: No Login | G56: No Logout | H56: 0 | I56: =IF(F56="No Login","",IF(TIMEVALUE(F56)>TIMEVALUE("09:00"),"Late","On Time")) | J56: =IF(E56="Absent","Absent",IF(H56>=8,"Full Day",IF(H56>=4,"Half Day","Short"))) -> Absent | K56: =IF(E56="Absent","N/A",IF(H56>=8,"Full Day",IF(H56>=4,"Half Day","Short"))) -> N/A | L56: =IF(J56=K56,"✓ Match","⚠ Mismatch") -> ⚠ Mismatch | M56: =IF(AND(J56=K56,OR(E56="Present",E56="Work From Home",E56="Absent")),"CLEAN","REVIEW") -> REVIEW
A57: EMP016 | B57: Kavya Menon | C57: IT | D57: 2026-01-02 | E57: Present | F57: 08:00 | G57: 17:00 | H57: =IFERROR(MOD(TIMEVALUE(G57)-TIMEVALUE(F57),1)*24,0) -> 9 | I57: =IF(F57="No Login","",IF(TIMEVALUE(F57)>TIMEVALUE("09:00"),"Late","On Time")) -> On Time | J57: =IF(E57="Absent","Absent",IF(H57>=8,"Full Day",IF(H57>=4,"Half Day","Short"))) -> Full Day | K57: =IF(E57="Absent","N/A",IF(H57>=8,"Full Day",IF(H57>=4,"Half Day","Short"))) -> Full Day | L57: =IF(J57=K57,"✓ Match","⚠ Mismatch") -> ✓ Match | M57: =IF(AND(J57=K57,OR(E57="Present",E57="Work From Home",E57="Absent")),"CLEAN","REVIEW") -> CLEAN
A58: EMP001 | B58: Arun Kumar | C58: HR | D58: 2026-01-02 | E58: Work From Home | F58: 10:00 | G58: 20:45 | H58: =IFERROR(MOD(TIMEVALUE(G58)-TIMEVALUE(F58),1)*24,0) -> 10.75 | I58: =IF(F58="No Login","",IF(TIMEVALUE(F58)>TIMEVALUE("09:00"),"Late","On Time")) -> Late | J58: =IF(E58="Absent","Absent",IF(H58>=8,"Full Day",IF(H58>=4,"Half Day","Short"))) -> Full Day | K58: =IF(E58="Absent","N/A",IF(H58>=8,"Full Day",IF(H58>=4,"Half Day","Short"))) -> Full Day | L58: =IF(J58=K58,"✓ Match","⚠ Mismatch") -> ✓ Match | M58: =IF(AND(J58=K58,OR(E58="Present",E58="Work From Home",E58="Absent")),"CLEAN","REVIEW") -> CLEAN
A59: EMP027 | B59: Ashok Kumar | C59: Sales | D59: 2026-01-02 | E59: Present | F59: 09:05 | G59: 19:10 | H59: =IFERROR(MOD(TIMEVALUE(G59)-TIMEVALUE(F59),1)*24,0) -> 10.083333 | I59: =IF(F59="No Login","",IF(TIMEVALUE(F59)>TIMEVALUE("09:00"),"Late","On Time")) -> Late | J59: =IF(E59="Absent","Absent",IF(H59>=8,"Full Day",IF(H59>=4,"Half Day","Short"))) -> Full Day | K59: =IF(E59="Absent","N/A",IF(H59>=8,"Full Day",IF(H59>=4,"Half Day","Short"))) -> Full Day | L59: =IF(J59=K59,"✓ Match","⚠ Mismatch") -> ✓ Match | M59: =IF(AND(J59=K59,OR(E59="Present",E59="Work From Home",E59="Absent")),"CLEAN","REVIEW") -> CLEAN
A60: EMP030 | B60: Mohit Agarwal | C60: IT | D60: 2026-01-02 | E60: Work From Home | F60: 10:05 | G60: 20:20 | H60: =IFERROR(MOD(TIMEVALUE(G60)-TIMEVALUE(F60),1)*24,0) -> 10.25 | I60: =IF(F60="No Login","",IF(TIMEVALUE(F60)>TIMEVALUE("09:00"),"Late","On Time")) -> Late | J60: =IF(E60="Absent","Absent",IF(H60>=8,"Full Day",IF(H60>=4,"Half Day","Short"))) -> Full Day | K60: =IF(E60="Absent","N/A",IF(H60>=8,"Full Day",IF(H60>=4,"Half Day","Short"))) -> Full Day | L60: =IF(J60=K60,"✓ Match","⚠ Mismatch") -> ✓ Match | M60: =IF(AND(J60=K60,OR(E60="Present",E60="Work From Home",E60="Absent")),"CLEAN","REVIEW") -> CLEAN
A61: EMP011 | B61: Ajay Rao | C61: Finance | D61: 2026-01-02 | E61: Present | F61: 09:20 | G61: 17:15 | H61: =IFERROR(MOD(TIMEVALUE(G61)-TIMEVALUE(F61),1)*24,0) -> 7.9166667 | I61: =IF(F61="No Login","",IF(TIMEVALUE(F61)>TIMEVALUE("09:00"),"Late","On Time")) -> Late | J61: =IF(E61="Absent","Absent",IF(H61>=8,"Full Day",IF(H61>=4,"Half Day","Short"))) -> Half Day | K61: =IF(E61="Absent","N/A",IF(H61>=8,"Full Day",IF(H61>=4,"Half Day","Short"))) -> Half Day | L61: =IF(J61=K61,"✓ Match","⚠ Mismatch") -> ✓ Match | M61: =IF(AND(J61=K61,OR(E61="Present",E61="Work From Home",E61="Absent")),"CLEAN","REVIEW") -> CLEAN
A62: EMP026 | B62: Gayathri S | C62: IT | D62: 2026-01-02 | E62: Present | F62: 08:45 | G62: 15:10 | H62: =IFERROR(MOD(TIMEVALUE(G62)-TIMEVALUE(F62),1)*24,0) -> 6.4166667 | I62: =IF(F62="No Login","",IF(TIMEVALUE(F62)>TIMEVALUE("09:00"),"Late","On Time")) -> On Time | J62: =IF(E62="Absent","Absent",IF(H62>=8,"Full Day",IF(H62>=4,"Half Day","Short"))) -> Half Day | K62: =IF(E62="Absent","N/A",IF(H62>=8,"Full Day",IF(H62>=4,"Half Day","Short"))) -> Half Day | L62: =IF(J62=K62,"✓ Match","⚠ Mismatch") -> ✓ Match | M62: =IF(AND(J62=K62,OR(E62="Present",E62="Work From Home",E62="Absent")),"CLEAN","REVIEW") -> CLEAN
A63: EMP014 | B63: Neha | C63: Sales | D63: 2026-01-05 | E63: Present | F63: 11:00 | G63: 18:30 | H63: =IFERROR(MOD(TIMEVALUE(G63)-TIMEVALUE(F63),1)*24,0) -> 7.5 | I63: =IF(F63="No Login","",IF(TIMEVALUE(F63)>TIMEVALUE("09:00"),"Late","On Time")) -> Late | J63: =IF(E63="Absent","Absent",IF(H63>=8,"Full Day",IF(H63>=4,"Half Day","Short"))) -> Half Day | K63: =IF(E63="Absent","N/A",IF(H63>=8,"Full Day",IF(H63>=4,"Half Day","Short"))) -> Half Day | L63: =IF(J63=K63,"✓ Match","⚠ Mismatch") -> ✓ Match | M63: =IF(AND(J63=K63,OR(E63="Present",E63="Work From Home",E63="Absent")),"CLEAN","REVIEW") -> CLEAN
A64: EMP005 | B64: Vijay | C64: IT | D64: 2026-01-05 | E64: Present | F64: 08:00 | G64: 19:45 | H64: =IFERROR(MOD(TIMEVALUE(G64)-TIMEVALUE(F64),1)*24,0) -> 11.75 | I64: =IF(F64="No Login","",IF(TIMEVALUE(F64)>TIMEVALUE("09:00"),"Late","On Time")) -> On Time | J64: =IF(E64="Absent","Absent",IF(H64>=8,"Full Day",IF(H64>=4,"Half Day","Short"))) -> Full Day | K64: =IF(E64="Absent","N/A",IF(H64>=8,"Full Day",IF(H64>=4,"Half Day","Short"))) -> Full Day | L64: =IF(J64=K64,"✓ Match","⚠ Mismatch") -> ✓ Match | M64: =IF(AND(J64=K64,OR(E64="Present",E64="Work From Home",E64="Absent")),"CLEAN","REVIEW") -> CLEAN
A65: EMP023 | B65: Harish Kumar | C65: HR | D65: 2026-01-05 | E65: Present | F65: 10:00 | G65: 17:15 | H65: =IFERROR(MOD(TIMEVALUE(G65)-TIMEVALUE(F65),1)*24,0) -> 7.25 | I65: =IF(F65="No Login","",IF(TIMEVALUE(F65)>TIMEVALUE("09:00"),"Late","On Time")) -> Late | J65: =IF(E65="Absent","Absent",IF(H65>=8,"Full Day",IF(H65>=4,"Half Day","Short"))) -> Half Day | K65: =IF(E65="Absent","N/A",IF(H65>=8,"Full Day",IF(H65>=4,"Half Day","Short"))) -> Half Day | L65: =IF(J65=K65,"✓ Match","⚠ Mismatch") -> ✓ Match | M65: =IF(AND(J65=K65,OR(E65="Present",E65="Work From Home",E65="Absent")),"CLEAN","REVIEW") -> CLEAN
A66: EMP018 | B66: Aisha Khan | C66: Sales | D66: 2026-01-05 | E66: Present | F66: 10:10 | G66: 20:00 | H66: =IFERROR(MOD(TIMEVALUE(G66)-TIMEVALUE(F66),1)*24,0) -> 9.8333333 | I66: =IF(F66="No Login","",IF(TIMEVALUE(F66)>TIMEVALUE("09:00"),"Late","On Time")) -> Late | J66: =IF(E66="Absent","Absent",IF(H66>=8,"Full Day",IF(H66>=4,"Half Day","Short"))) -> Full Day | K66: =IF(E66="Absent","N/A",IF(H66>=8,"Full Day",IF(H66>=4,"Half Day","Short"))) -> Full Day | L66: =IF(J66=K66,"✓ Match","⚠ Mismatch") -> ✓ Match | M66: =IF(AND(J66=K66,OR(E66="Present",E66="Work From Home",E66="Absent")),"CLEAN","REVIEW") -> CLEAN
A67: EMP024 | B67: Maheswari | C67: Finance | D67: 2026-01-05 | E67: Absent | F67: No Login | G67: No Logout | H67: 0 | I67: =IF(F67="No Login","",IF(TIMEVALUE(F67)>TIMEVALUE("09:00"),"Late","On Time")) | J67: =IF(E67="Absent","Absent",IF(H67>=8,"Full Day",IF(H67>=4,"Half Day","Short"))) -> Absent | K67: =IF(E67="Absent","N/A",IF(H67>=8,"Full Day",IF(H67>=4,"Half Day","Short"))) -> N/A | L67: =IF(J67=K67,"✓ Match","⚠ Mismatch") -> ⚠ Mismatch | M67: =IF(AND(J67=K67,OR(E67="Present",E67="Work From Home",E67="Absent")),"CLEAN","REVIEW") -> REVIEW
A68: EMP009 | B68: Suresh Babu | C68: HR | D68: 2026-01-05 | E68: Present | F68: 10:15 | G68: 17:30 | H68: =IFERROR(MOD(TIMEVALUE(G68)-TIMEVALUE(F68),1)*24,0) -> 7.25 | I68: =IF(F68="No Login","",IF(TIMEVALUE(F68)>TIMEVALUE("09:00"),"Late","On Time")) -> Late | J68: =IF(E68="Absent","Absent",IF(H68>=8,"Full Day",IF(H68>=4,"Half Day","Short"))) -> Half Day | K68: =IF(E68="Absent","N/A",IF(H68>=8,"Full Day",IF(H68>=4,"Half Day","Short"))) -> Half Day | L68: =IF(J68=K68,"✓ Match","⚠ Mismatch") -> ✓ Match | M68: =IF(AND(J68=K68,OR(E68="Present",E68="Work From Home",E68="Absent")),"CLEAN","REVIEW") -> CLEAN
A69: EMP013 | B69: Ramesh | C69: Sales | D69: 2026-01-05 | E69: Present | F69: 08:30 | G69: 15:00 | H69: =IFERROR(MOD(TIMEVALUE(G69)-TIMEVALUE(F69),1)*24,0) -> 6.5 | I69: =IF(F69="No Login","",IF(TIMEVALUE(F69)>TIMEVALUE("09:00"),"Late","On Time")) -> On Time | J69: =IF(E69="Absent","Absent",IF(H69>=8,"Full Day",IF(H69>=4,"Half Day","Short"))) -> Half Day | K69: =IF(E69="Absent","N/A",IF(H69>=8,"Full Day",IF(H69>=4,"Half Day","Short"))) -> Half Day | L69: =IF(J69=K69,"✓ Match","⚠ Mismatch") -> ✓ Match | M69: =IF(AND(J69=K69,OR(E69="Present",E69="Work From Home",E69="Absent")),"CLEAN","REVIEW") -> CLEAN
A70: EMP001 | B70: Arun Kumar | C70: HR | D70: 2026-01-05 | E70: Present | F70: 10:00 | G70: 18:20 | H70: =IFERROR(MOD(TIMEVALUE(G70)-TIMEVALUE(F70),1)*24,0) -> 8.3333333 | I70: =IF(F70="No Login","",IF(TIMEVALUE(F70)>TIMEVALUE("09:00"),"Late","On Time")) -> Late | J70: =IF(E70="Absent","Absent",IF(H70>=8,"Full Day",IF(H70>=4,"Half Day","Short"))) -> Full Day | K70: =IF(E70="Absent","N/A",IF(H70>=8,"Full Day",IF(H70>=4,"Half Day","Short"))) -> Full Day | L70: =IF(J70=K70,"✓ Match","⚠ Mismatch") -> ✓ Match | M70: =IF(AND(J70=K70,OR(E70="Present",E70="Work From Home",E70="Absent")),"CLEAN","REVIEW") -> CLEAN
A71: EMP017 | B71: Deepak | C71: HR | D71: 2026-01-05 | E71: Present | F71: 11:45 | G71: 20:30 | H71: =IFERROR(MOD(TIMEVALUE(G71)-TIMEVALUE(F71),1)*24,0) -> 8.75 | I71: =IF(F71="No Login","",IF(TIMEVALUE(F71)>TIMEVALUE("09:00"),"Late","On Time")) -> Late | J71: =IF(E71="Absent","Absent",IF(H71>=8,"Full Day",IF(H71>=4,"Half Day","Short"))) -> Full Day | K71: =IF(E71="Absent","N/A",IF(H71>=8,"Full Day",IF(H71>=4,"Half Day","Short"))) -> Full Day | L71: =IF(J71=K71,"✓ Match","⚠ Mismatch") -> ✓ Match | M71: =IF(AND(J71=K71,OR(E71="Present",E71="Work From Home",E71="Absent")),"CLEAN","REVIEW") -> CLEAN
A72: EMP028 | B72: Naveen Raj | C72: IT | D72: 2026-01-05 | E72: Present | F72: 09:20 | G72: 17:20 | H72: =IFERROR(MOD(TIMEVALUE(G72)-TIMEVALUE(F72),1)*24,0) -> 8 | I72: =IF(F72="No Login","",IF(TIMEVALUE(F72)>TIMEVALUE("09:00"),"Late","On Time")) -> Late | J72: =IF(E72="Absent","Absent",IF(H72>=8,"Full Day",IF(H72>=4,"Half Day","Short"))) -> Full Day | K72: =IF(E72="Absent","N/A",IF(H72>=8,"Full Day",IF(H72>=4,"Half Day","Short"))) -> Full Day | L72: =IF(J72=K72,"✓ Match","⚠ Mismatch") -> ✓ Match | M72: =IF(AND(J72=K72,OR(E72="Present",E72="Work From Home",E72="Absent")),"CLEAN","REVIEW") -> CLEAN
A73: EMP016 | B73: Kavya Menon | C73: IT | D73: 2026-01-05 | E73: Present | F73: 08:45 | G73: 19:45 | H73: =IFERROR(MOD(TIMEVALUE(G73)-TIMEVALUE(F73),1)*24,0) -> 11 | I73: =IF(F73="No Login","",IF(TIMEVALUE(F73)>TIMEVALUE("09:00"),"Late","On Time")) -> On Time | J73: =IF(E73="Absent","Absent",IF(H73>=8,"Full Day",IF(H73>=4,"Half Day","Short"))) -> Full Day | K73: =IF(E73="Absent","N/A",IF(H73>=8,"Full Day",IF(H73>=4,"Half Day","Short"))) -> Full Day | L73: =IF(J73=K73,"✓ Match","⚠ Mismatch") -> ✓ Match | M73: =IF(AND(J73=K73,OR(E73="Present",E73="Work From Home",E73="Absent")),"CLEAN","REVIEW") -> CLEAN
A74: EMP022 | B74: Swathi Rao | C74: Operations | D74: 2026-01-05 | E74: Present | F74: 10:45 | G74: 17:00 | H74: =IFERROR(MOD(TIMEVALUE(G74)-TIMEVALUE(F74),1)*24,0) -> 6.25 | I74: =IF(F74="No Login","",IF(TIMEVALUE(F74)>TIMEVALUE("09:00"),"Late","On Time")) -> Late | J74: =IF(E74="Absent","Absent",IF(H74>=8,"Full Day",IF(H74>=4,"Half Day","Short"))) -> Half Day | K74: =IF(E74="Absent","N/A",IF(H74>=8,"Full Day",IF(H74>=4,"Half Day","Short"))) -> Half Day | L74: =IF(J74=K74,"✓ Match","⚠ Mismatch") -> ✓ Match | M74: =IF(AND(J74=K74,OR(E74="Present",E74="Work From Home",E74="Absent")),"CLEAN","REVIEW") -> CLEAN
A75: EMP007 | B75: Karan Patel | C75: Finance | D75: 2026-01-05 | E75: Present | F75: 10:20 | G75: 18:00 | H75: =IFERROR(MOD(TIMEVALUE(G75)-TIMEVALUE(F75),1)*24,0) -> 7.6666667 | I75: =IF(F75="No Login","",IF(TIMEVALUE(F75)>TIMEVALUE("09:00"),"Late","On Time")) -> Late | J75: =IF(E75="Absent","Absent",IF(H75>=8,"Full Day",IF(H75>=4,"Half Day","Short"))) -> Half Day | K75: =IF(E75="Absent","N/A",IF(H75>=8,"Full Day",IF(H75>=4,"Half Day","Short"))) -> Half Day | L75: =IF(J75=K75,"✓ Match","⚠ Mismatch") -> ✓ Match | M75: =IF(AND(J75=K75,OR(E75="Present",E75="Work From Home",E75="Absent")),"CLEAN","REVIEW") -> CLEAN
A76: EMP003 | B76: Rahul Verma | C76: HR | D76: 2026-01-05 | E76: Present | F76: 11:45 | G76: 20:45 | H76: =IFERROR(MOD(TIMEVALUE(G76)-TIMEVALUE(F76),1)*24,0) -> 9 | I76: =IF(F76="No Login","",IF(TIMEVALUE(F76)>TIMEVALUE("09:00"),"Late","On Time")) -> Late | J76: =IF(E76="Absent","Absent",IF(H76>=8,"Full Day",IF(H76>=4,"Half Day","Short"))) -> Full Day | K76: =IF(E76="Absent","N/A",IF(H76>=8,"Full Day",IF(H76>=4,"Half Day","Short"))) -> Full Day | L76: =IF(J76=K76,"✓ Match","⚠ Mismatch") -> ✓ Match | M76: =IF(AND(J76=K76,OR(E76="Present",E76="Work From Home",E76="Absent")),"CLEAN","REVIEW") -> CLEAN
A77: EMP012 | B77: Pooja Das | C77: Sales | D77: 2026-01-05 | E77: Present | F77: 08:10 | G77: 18:10 | H77: =IFERROR(MOD(TIMEVALUE(G77)-TIMEVALUE(F77),1)*24,0) -> 10 | I77: =IF(F77="No Login","",IF(TIMEVALUE(F77)>TIMEVALUE("09:00"),"Late","On Time")) -> On Time | J77: =IF(E77="Absent","Absent",IF(H77>=8,"Full Day",IF(H77>=4,"Half Day","Short"))) -> Full Day | K77: =IF(E77="Absent","N/A",IF(H77>=8,"Full Day",IF(H77>=4,"Half Day","Short"))) -> Full Day | L77: =IF(J77=K77,"✓ Match","⚠ Mismatch") -> ✓ Match | M77: =IF(AND(J77=K77,OR(E77="Present",E77="Work From Home",E77="Absent")),"CLEAN","REVIEW") -> CLEAN
A78: EMP030 | B78: Mohit Agarwal | C78: IT | D78: 2026-01-05 | E78: Present | F78: 08:00 | G78: 17:30 | H78: =IFERROR(MOD(TIMEVALUE(G78)-TIMEVALUE(F78),1)*24,0) -> 9.5 | I78: =IF(F78="No Login","",IF(TIMEVALUE(F78)>TIMEVALUE("09:00"),"Late","On Time")) -> On Time | J78: =IF(E78="Absent","Absent",IF(H78>=8,"Full Day",IF(H78>=4,"Half Day","Short"))) -> Full Day | K78: =IF(E78="Absent","N/A",IF(H78>=8,"Full Day",IF(H78>=4,"Half Day","Short"))) -> Full Day | L78: =IF(J78=K78,"✓ Match","⚠ Mismatch") -> ✓ Match | M78: =IF(AND(J78=K78,OR(E78="Present",E78="Work From Home",E78="Absent")),"CLEAN","REVIEW") -> CLEAN
A79: EMP004 | B79: Sneha Reddy | C79: Sales | D79: 2026-01-05 | E79: Absent | F79: No Login | G79: No Logout | H79: 0 | I79: =IF(F79="No Login","",IF(TIMEVALUE(F79)>TIMEVALUE("09:00"),"Late","On Time")) | J79: =IF(E79="Absent","Absent",IF(H79>=8,"Full Day",IF(H79>=4,"Half Day","Short"))) -> Absent | K79: =IF(E79="Absent","N/A",IF(H79>=8,"Full Day",IF(H79>=4,"Half Day","Short"))) -> N/A | L79: =IF(J79=K79,"✓ Match","⚠ Mismatch") -> ⚠ Mismatch | M79: =IF(AND(J79=K79,OR(E79="Present",E79="Work From Home",E79="Absent")),"CLEAN","REVIEW") -> REVIEW
A80: EMP011 | B80: Ajay Rao | C80: Finance | D80: 2026-01-05 | E80: Present | F80: 09:10 | G80: 18:10 | H80: =IFERROR(MOD(TIMEVALUE(G80)-TIMEVALUE(F80),1)*24,0) -> 9 | I80: =IF(F80="No Login","",IF(TIMEVALUE(F80)>TIMEVALUE("09:00"),"Late","On Time")) -> Late | J80: =IF(E80="Absent","Absent",IF(H80>=8,"Full Day",IF(H80>=4,"Half Day","Short"))) -> Full Day | K80: =IF(E80="Absent","N/A",IF(H80>=8,"Full Day",IF(H80>=4,"Half Day","Short"))) -> Full Day | L80: =IF(J80=K80,"✓ Match","⚠ Mismatch") -> ✓ Match | M80: =IF(AND(J80=K80,OR(E80="Present",E80="Work From Home",E80="Absent")),"CLEAN","REVIEW") -> CLEAN
A81: EMP020 | B81: Lakshmi Devi | C81: Sales | D81: 2026-01-05 | E81: Present | F81: 08:20 | G81: 16:45 | H81: =IFERROR(MOD(TIMEVALUE(G81)-TIMEVALUE(F81),1)*24,0) -> 8.4166667 | I81: =IF(F81="No Login","",IF(TIMEVALUE(F81)>TIMEVALUE("09:00"),"Late","On Time")) -> On Time | J81: =IF(E81="Absent","Absent",IF(H81>=8,"Full Day",IF(H81>=4,"Half Day","Short"))) -> Full Day | K81: =IF(E81="Absent","N/A",IF(H81>=8,"Full Day",IF(H81>=4,"Half Day","Short"))) -> Full Day | L81: =IF(J81=K81,"✓ Match","⚠ Mismatch") -> ✓ Match | M81: =IF(AND(J81=K81,OR(E81="Present",E81="Work From Home",E81="Absent")),"CLEAN","REVIEW") -> CLEAN
A82: EMP019 | B82: Rohit Malhotra | C82: Operations | D82: 2026-01-05 | E82: Work From Home | F82: 08:00 | G82: 15:45 | H82: =IFERROR(MOD(TIMEVALUE(G82)-TIMEVALUE(F82),1)*24,0) -> 7.75 | I82: =IF(F82="No Login","",IF(TIMEVALUE(F82)>TIMEVALUE("09:00"),"Late","On Time")) -> On Time | J82: =IF(E82="Absent","Absent",IF(H82>=8,"Full Day",IF(H82>=4,"Half Day","Short"))) -> Half Day | K82: =IF(E82="Absent","N/A",IF(H82>=8,"Full Day",IF(H82>=4,"Half Day","Short"))) -> Half Day | L82: =IF(J82=K82,"✓ Match","⚠ Mismatch") -> ✓ Match | M82: =IF(AND(J82=K82,OR(E82="Present",E82="Work From Home",E82="Absent")),"CLEAN","REVIEW") -> CLEAN
A83: EMP006 | B83: Anjali | C83: IT | D83: 2026-01-05 | E83: Present | F83: 10:00 | G83: 17:30 | H83: =IFERROR(MOD(TIMEVALUE(G83)-TIMEVALUE(F83),1)*24,0) -> 7.5 | I83: =IF(F83="No Login","",IF(TIMEVALUE(F83)>TIMEVALUE("09:00"),"Late","On Time")) -> Late | J83: =IF(E83="Absent","Absent",IF(H83>=8,"Full Day",IF(H83>=4,"Half Day","Short"))) -> Half Day | K83: =IF(E83="Absent","N/A",IF(H83>=8,"Full Day",IF(H83>=4,"Half Day","Short"))) -> Half Day | L83: =IF(J83=K83,"✓ Match","⚠ Mismatch") -> ✓ Match | M83: =IF(AND(J83=K83,OR(E83="Present",E83="Work From Home",E83="Absent")),"CLEAN","REVIEW") -> CLEAN
A84: EMP008 | B84: Divya | C84: IT | D84: 2026-01-05 | E84: Work From Home | F84: 08:05 | G84: 15:30 | H84: =IFERROR(MOD(TIMEVALUE(G84)-TIMEVALUE(F84),1)*24,0) -> 7.4166667 | I84: =IF(F84="No Login","",IF(TIMEVALUE(F84)>TIMEVALUE("09:00"),"Late","On Time")) -> On Time | J84: =IF(E84="Absent","Absent",IF(H84>=8,"Full Day",IF(H84>=4,"Half Day","Short"))) -> Half Day | K84: =IF(E84="Absent","N/A",IF(H84>=8,"Full Day",IF(H84>=4,"Half Day","Short"))) -> Half Day | L84: =IF(J84=K84,"✓ Match","⚠ Mismatch") -> ✓ Match | M84: =IF(AND(J84=K84,OR(E84="Present",E84="Work From Home",E84="Absent")),"CLEAN","REVIEW") -> CLEAN
A85: EMP021 | B85: Nitin Sharma | C85: Sales | D85: 2026-01-05 | E85: Present | F85: 09:45 | G85: 18:30 | H85: =IFERROR(MOD(TIMEVALUE(G85)-TIMEVALUE(F85),1)*24,0) -> 8.75 | I85: =IF(F85="No Login","",IF(TIMEVALUE(F85)>TIMEVALUE("09:00"),"Late","On Time")) -> Late | J85: =IF(E85="Absent","Absent",IF(H85>=8,"Full Day",IF(H85>=4,"Half Day","Short"))) -> Full Day | K85: =IF(E85="Absent","N/A",IF(H85>=8,"Full Day",IF(H85>=4,"Half Day","Short"))) -> Full Day | L85: =IF(J85=K85,"✓ Match","⚠ Mismatch") -> ✓ Match | M85: =IF(AND(J85=K85,OR(E85="Present",E85="Work From Home",E85="Absent")),"CLEAN","REVIEW") -> CLEAN
A86: EMP026 | B86: Gayathri S | C86: IT | D86: 2026-01-05 | E86: Absent | F86: No Login | G86: No Logout | H86: 0 | I86: =IF(F86="No Login","",IF(TIMEVALUE(F86)>TIMEVALUE("09:00"),"Late","On Time")) | J86: =IF(E86="Absent","Absent",IF(H86>=8,"Full Day",IF(H86>=4,"Half Day","Short"))) -> Absent | K86: =IF(E86="Absent","N/A",IF(H86>=8,"Full Day",IF(H86>=4,"Half Day","Short"))) -> N/A | L86: =IF(J86=K86,"✓ Match","⚠ Mismatch") -> ⚠ Mismatch | M86: =IF(AND(J86=K86,OR(E86="Present",E86="Work From Home",E86="Absent")),"CLEAN","REVIEW") -> REVIEW
A87: EMP025 | B87: Varun Sethi | C87: HR | D87: 2026-01-05 | E87: Present | F87: 08:30 | G87: 18:30 | H87: =IFERROR(MOD(TIMEVALUE(G87)-TIMEVALUE(F87),1)*24,0) -> 10 | I87: =IF(F87="No Login","",IF(TIMEVALUE(F87)>TIMEVALUE("09:00"),"Late","On Time")) -> On Time | J87: =IF(E87="Absent","Absent",IF(H87>=8,"Full Day",IF(H87>=4,"Half Day","Short"))) -> Full Day | K87: =IF(E87="Absent","N/A",IF(H87>=8,"Full Day",IF(H87>=4,"Half Day","Short"))) -> Full Day | L87: =IF(J87=K87,"✓ Match","⚠ Mismatch") -> ✓ Match | M87: =IF(AND(J87=K87,OR(E87="Present",E87="Work From Home",E87="Absent")),"CLEAN","REVIEW") -> CLEAN
A88: EMP002 | B88: Priya Sharma | C88: Sales | D88: 2026-01-05 | E88: Present | F88: 09:45 | G88: 19:15 | H88: =IFERROR(MOD(TIMEVALUE(G88)-TIMEVALUE(F88),1)*24,0) -> 9.5 | I88: =IF(F88="No Login","",IF(TIMEVALUE(F88)>TIMEVALUE("09:00"),"Late","On Time")) -> Late | J88: =IF(E88="Absent","Absent",IF(H88>=8,"Full Day",IF(H88>=4,"Half Day","Short"))) -> Full Day | K88: =IF(E88="Absent","N/A",IF(H88>=8,"Full Day",IF(H88>=4,"Half Day","Short"))) -> Full Day | L88: =IF(J88=K88,"✓ Match","⚠ Mismatch") -> ✓ Match | M88: =IF(AND(J88=K88,OR(E88="Present",E88="Work From Home",E88="Absent")),"CLEAN","REVIEW") -> CLEAN
A89: EMP010 | B89: Meena | C89: Finance | D89: 2026-01-05 | E89: Present | F89: 09:20 | G89: 16:20 | H89: =IFERROR(MOD(TIMEVALUE(G89)-TIMEVALUE(F89),1)*24,0) -> 7 | I89: =IF(F89="No Login","",IF(TIMEVALUE(F89)>TIMEVALUE("09:00"),"Late","On Time")) -> Late | J89: =IF(E89="Absent","Absent",IF(H89>=8,"Full Day",IF(H89>=4,"Half Day","Short"))) -> Half Day | K89: =IF(E89="Absent","N/A",IF(H89>=8,"Full Day",IF(H89>=4,"Half Day","Short"))) -> Half Day | L89: =IF(J89=K89,"✓ Match","⚠ Mismatch") -> ✓ Match | M89: =IF(AND(J89=K89,OR(E89="Present",E89="Work From Home",E89="Absent")),"CLEAN","REVIEW") -> CLEAN
A90: EMP015 | B90: Manoj | C90: Finance | D90: 2026-01-05 | E90: Present | F90: 08:10 | G90: 15:10 | H90: =IFERROR(MOD(TIMEVALUE(G90)-TIMEVALUE(F90),1)*24,0) -> 7 | I90: =IF(F90="No Login","",IF(TIMEVALUE(F90)>TIMEVALUE("09:00"),"Late","On Time")) -> On Time | J90: =IF(E90="Absent","Absent",IF(H90>=8,"Full Day",IF(H90>=4,"Half Day","Short"))) -> Half Day | K90: =IF(E90="Absent","N/A",IF(H90>=8,"Full Day",IF(H90>=4,"Half Day","Short"))) -> Half Day | L90: =IF(J90=K90,"✓ Match","⚠ Mismatch") -> ✓ Match | M90: =IF(AND(J90=K90,OR(E90="Present",E90="Work From Home",E90="Absent")),"CLEAN","REVIEW") -> CLEAN
A91: EMP027 | B91: Ashok Kumar | C91: Sales | D91: 2026-01-05 | E91: Present | F91: 08:30 | G91: 16:30 | H91: =IFERROR(MOD(TIMEVALUE(G91)-TIMEVALUE(F91),1)*24,0) -> 8 | I91: =IF(F91="No Login","",IF(TIMEVALUE(F91)>TIMEVALUE("09:00"),"Late","On Time")) -> On Time | J91: =IF(E91="Absent","Absent",IF(H91>=8,"Full Day",IF(H91>=4,"Half Day","Short"))) -> Full Day | K91: =IF(E91="Absent","N/A",IF(H91>=8,"Full Day",IF(H91>=4,"Half Day","Short"))) -> Full Day | L91: =IF(J91=K91,"✓ Match","⚠ Mismatch") -> ✓ Match | M91: =IF(AND(J91=K91,OR(E91="Present",E91="Work From Home",E91="Absent")),"CLEAN","REVIEW") -> CLEAN
A92: EMP029 | B92: Sanjana Roy | C92: IT | D92: 2026-01-05 | E92: Present | F92: 08:45 | G92: 15:15 | H92: =IFERROR(MOD(TIMEVALUE(G92)-TIMEVALUE(F92),1)*24,0) -> 6.5 | I92: =IF(F92="No Login","",IF(TIMEVALUE(F92)>TIMEVALUE("09:00"),"Late","On Time")) -> On Time | J92: =IF(E92="Absent","Absent",IF(H92>=8,"Full Day",IF(H92>=4,"Half Day","Short"))) -> Half Day | K92: =IF(E92="Absent","N/A",IF(H92>=8,"Full Day",IF(H92>=4,"Half Day","Short"))) -> Half Day | L92: =IF(J92=K92,"✓ Match","⚠ Mismatch") -> ✓ Match | M92: =IF(AND(J92=K92,OR(E92="Present",E92="Work From Home",E92="Absent")),"CLEAN","REVIEW") -> CLEAN
A93: EMP009 | B93: Suresh Babu | C93: HR | D93: 2026-01-06 | E93: Absent | F93: No Login | G93: No Logout | H93: 0 | I93: =IF(F93="No Login","",IF(TIMEVALUE(F93)>TIMEVALUE("09:00"),"Late","On Time")) | J93: =IF(E93="Absent","Absent",IF(H93>=8,"Full Day",IF(H93>=4,"Half Day","Short"))) -> Absent | K93: =IF(E93="Absent","N/A",IF(H93>=8,"Full Day",IF(H93>=4,"Half Day","Short"))) -> N/A | L93: =IF(J93=K93,"✓ Match","⚠ Mismatch") -> ⚠ Mismatch | M93: =IF(AND(J93=K93,OR(E93="Present",E93="Work From Home",E93="Absent")),"CLEAN","REVIEW") -> REVIEW
A94: EMP028 | B94: Naveen Raj | C94: IT | D94: 2026-01-06 | E94: Present | F94: 08:45 | G94: 19:30 | H94: =IFERROR(MOD(TIMEVALUE(G94)-TIMEVALUE(F94),1)*24,0) -> 10.75 | I94: =IF(F94="No Login","",IF(TIMEVALUE(F94)>TIMEVALUE("09:00"),"Late","On Time")) -> On Time | J94: =IF(E94="Absent","Absent",IF(H94>=8,"Full Day",IF(H94>=4,"Half Day","Short"))) -> Full Day | K94: =IF(E94="Absent","N/A",IF(H94>=8,"Full Day",IF(H94>=4,"Half Day","Short"))) -> Full Day | L94: =IF(J94=K94,"✓ Match","⚠ Mismatch") -> ✓ Match | M94: =IF(AND(J94=K94,OR(E94="Present",E94="Work From Home",E94="Absent")),"CLEAN","REVIEW") -> CLEAN
A95: EMP027 | B95: Ashok Kumar | C95: Sales | D95: 2026-01-06 | E95: Absent | F95: No Login | G95: No Logout | H95: 0 | I95: =IF(F95="No Login","",IF(TIMEVALUE(F95)>TIMEVALUE("09:00"),"Late","On Time")) | J95: =IF(E95="Absent","Absent",IF(H95>=8,"Full Day",IF(H95>=4,"Half Day","Short"))) -> Absent | K95: =IF(E95="Absent","N/A",IF(H95>=8,"Full Day",IF(H95>=4,"Half Day","Short"))) -> N/A | L95: =IF(J95=K95,"✓ Match","⚠ Mismatch") -> ⚠ Mismatch | M95: =IF(AND(J95=K95,OR(E95="Present",E95="Work From Home",E95="Absent")),"CLEAN","REVIEW") -> REVIEW
A96: EMP002 | B96: Priya Sharma | C96: Sales | D96: 2026-01-06 | E96: Work From Home | F96: 08:05 | G96: 16:20 | H96: =IFERROR(MOD(TIMEVALUE(G96)-TIMEVALUE(F96),1)*24,0) -> 8.25 | I96: =IF(F96="No Login","",IF(TIMEVALUE(F96)>TIMEVALUE("09:00"),"Late","On Time")) -> On Time | J96: =IF(E96="Absent","Absent",IF(H96>=8,"Full Day",IF(H96>=4,"Half Day","Short"))) -> Full Day | K96: =IF(E96="Absent","N/A",IF(H96>=8,"Full Day",IF(H96>=4,"Half Day","Short"))) -> Full Day | L96: =IF(J96=K96,"✓ Match","⚠ Mismatch") -> ✓ Match | M96: =IF(AND(J96=K96,OR(E96="Present",E96="Work From Home",E96="Absent")),"CLEAN","REVIEW") -> CLEAN
A97: EMP005 | B97: Vijay | C97: IT | D97: 2026-01-06 | E97: Absent | F97: No Login | G97: No Logout | H97: 0 | I97: =IF(F97="No Login","",IF(TIMEVALUE(F97)>TIMEVALUE("09:00"),"Late","On Time")) | J97: =IF(E97="Absent","Absent",IF(H97>=8,"Full Day",IF(H97>=4,"Half Day","Short"))) -> Absent | K97: =IF(E97="Absent","N/A",IF(H97>=8,"Full Day",IF(H97>=4,"Half Day","Short"))) -> N/A | L97: =IF(J97=K97,"✓ Match","⚠ Mismatch") -> ⚠ Mismatch | M97: =IF(AND(J97=K97,OR(E97="Present",E97="Work From Home",E97="Absent")),"CLEAN","REVIEW") -> REVIEW
A98: EMP010 | B98: Meena | C98: Finance | D98: 2026-01-06 | E98: Absent | F98: No Login | G98: No Logout | H98: 0 | I98: =IF(F98="No Login","",IF(TIMEVALUE(F98)>TIMEVALUE("09:00"),"Late","On Time")) | J98: =IF(E98="Absent","Absent",IF(H98>=8,"Full Day",IF(H98>=4,"Half Day","Short"))) -> Absent | K98: =IF(E98="Absent","N/A",IF(H98>=8,"Full Day",IF(H98>=4,"Half Day","Short"))) -> N/A | L98: =IF(J98=K98,"✓ Match","⚠ Mismatch") -> ⚠ Mismatch | M98: =IF(AND(J98=K98,OR(E98="Present",E98="Work From Home",E98="Absent")),"CLEAN","REVIEW") -> REVIEW
A99: EMP011 | B99: Ajay Rao | C99: Finance | D99: 2026-01-06 | E99: Present | F99: 09:15 | G99: 18:15 | H99: =IFERROR(MOD(TIMEVALUE(G99)-TIMEVALUE(F99),1)*24,0) -> 9 | I99: =IF(F99="No Login","",IF(TIMEVALUE(F99)>TIMEVALUE("09:00"),"Late","On Time")) -> Late | J99: =IF(E99="Absent","Absent",IF(H99>=8,"Full Day",IF(H99>=4,"Half Day","Short"))) -> Full Day | K99: =IF(E99="Absent","N/A",IF(H99>=8,"Full Day",IF(H99>=4,"Half Day","Short"))) -> Full Day | L99: =IF(J99=K99,"✓ Match","⚠ Mismatch") -> ✓ Match | M99: =IF(AND(J99=K99,OR(E99="Present",E99="Work From Home",E99="Absent")),"CLEAN","REVIEW") -> CLEAN
A100: EMP015 | B100: Manoj | C100: Finance | D100: 2026-01-06 | E100: Absent | F100: No Login | G100: No Logout | H100: 0 | I100: =IF(F100="No Login","",IF(TIMEVALUE(F100)>TIMEVALUE("09:00"),"Late","On Time")) | J100: =IF(E100="Absent","Absent",IF(H100>=8,"Full Day",IF(H100>=4,"Half Day","Short"))) -> Absent | K100: =IF(E100="Absent","N/A",IF(H100>=8,"Full Day",IF(H100>=4,"Half Day","Short"))) -> N/A | L100: =IF(J100=K100,"✓ Match","⚠ Mismatch") -> ⚠ Mismatch | M100: =IF(AND(J100=K100,OR(E100="Present",E100="Work From Home",E100="Absent")),"CLEAN","REVIEW") -> REVIEW
...

Sheet Dept Attendance
A3: Row Labels | B3: Attendance Count
A4: Sales | B4: 225
A5: IT | B5: 200
A6: HR | B6: 150
A7: Finance | B7: 125
A8: Operations | B8: 50
A9: Grand Total | B9: 750

Sheet Status Overview
A3: Row Labels | B3: Count of Employee Name
A4: Absent | B4: 152
A5: Present | B5: 525
A6: Work From Home | B6: 73
A7: Grand Total | B7: 750

Sheet Daily Trend
A1: Status | B1: (All)
A3: Row Labels | B3: Count of Emp ID
A4: 2026-01-01 | B4: 30
A5: 2026-01-02 | B5: 30
A6: 2026-01-05 | B6: 30
A7: 2026-01-06 | B7: 30
A8: 2026-01-07 | B8: 30
A9: 2026-01-08 | B9: 30
A10: 2026-01-09 | B10: 30
A11: 2026-01-12 | B11: 30
A12: 2026-01-13 | B12: 30
A13: 2026-01-14 | B13: 30
A14: 2026-01-15 | B14: 30
A15: 2026-01-16 | B15: 30
... A29: Grand Total | B29: 750

Sheet Data Quality
A3: Row Labels | B3: Count of Emp ID
A4: REVIEW | B4: 152
A5: CLEAN | B5: 598
A6: Grand Total | B6: 750

Sheet KPI Dashboard
A1: EMPLOYEE ATTENDANCE KPI DASHBOARD
A3: Total Records | B3: =COUNTA('Cleaned Data'!A3:A752) -> 750 | D3: Avg Hours / Working Day | E3: =AVERAGEIFS('Cleaned Data'!H3:H752,'Cleaned Data'!E3:E752,"<>Absent") -> 9.3658027
A4: Unique Employees | B4: {=COUNTA(_xlfn.UNIQUE(_xlfn._xlws.FILTER('Cleaned Data'!A3:A752,'Cleaned Data'!A3:A752<>"")))} -> 30
A5: Attendance Rate | B5: =(COUNTIF('Cleaned Data'!E3:E752,"Present")+COUNTIF('Cleaned Data'!E3:E752,"Work From Home"))/COUNTA('Cleaned Data'!A3:A752) -> 0.79733333
A6: Absence Rate | B6: =COUNTIF('Cleaned Data'!E3:E752,"Absent")/COUNTA('Cleaned Data'!A3:A752) -> 0.20266667

Sheet Dashboard
